reg2,rwt_nB1U1,rwt_nBUany
Australia,0.893581081,0.8203125
Canada-East Coast,2.486486486,2.147727273
Canada-West Coast,1.13354531,0.957352941
Europe(EU) NE Atl,2.866366366,2.566666667
Europe(non-EU) NE Atl,1.181081081,1.05
Europe-Med/Black Sea,2.455405405,2.1
Japan,0.880630631,0.809375
New Zealand,1,1.118478261
Russia-East Coast,0.621621622,0.525
South Africa,0.669438669,0.605769231
South America,1.709459459,1.4875
US-Alaska,1.017199017,1.026136364
US-Northeast,0.701830863,0.660483871
US-Southeast,0.917631918,1
US-West Coast,1.274324324,1.33875
West Africa,0.621621622,0.525
Tuna RFMOs,0.875921376,0.906818182
